{"BX":3.6040027611676919,"BY":39.844026382034428,"BZ":353.18957966011612,"Alpha":1.1380623338508777,"Beta":-0.31262542510241109,"Gamma":2.8330436268997463}